prompt,category
best no-code ETL tool for Snowflake,Category
Hevo vs Fivetran which is easier,Comparison
Airbyte vs Hevo for teams without data engineers,Comparison
cheaper alternative to Fivetran for startups,Comparison
how do I sync Salesforce to Snowflake without code,Integration
load Stripe data into BigQuery,Integration
Connect HubSpot to Redshift,Integration
PostgreSQL CDC to BigQuery,Integration
what is reverse ETL and do I need it,Capability
how to handle schema drift in ETL,Capability
no-code data pipeline monitoring tools,Capability
best ETL tool without a data engineer,Category
Hevo Data pricing,Brand
Is Hevo Data HIPAA compliant,Trust
Hevo Data reviews,Trust
